date,speech_id,sppid,speaker,party,targetparty,outbloc,text,spitch,textsent,topic,emotionality,speech_procedure_ID,vote_scale_all,vote_binary_all,speakerbloc,targetbloc,dyad,rr_in,rr_out,rr_target,period,f0_avg,f0_mod,loudness_avg,partycolor,partyterm
2019-06-21,20182-2-1,Bertel Haarder_V,Bertel Haarder,V,S,1.0,"Mødet er åbnet, og jeg beder medlemmerne finde deres pladser. Jeg vil give ordet til formanden for Udvalget til Prøvelse af Valgene, hr. Benny Engelbrecht. Værsgo.",2.7794167285681572,0.5555555555555549,Topic23,0.9504216037044407,,,,Right,Left,V->S,0.0,0.0,0.0,20182,134.58093236572114,32.22586564394383,59.11044201447596,blue,blue-20182.0
2019-06-21,20182-2-2,Benny Engelbrecht_S,Benny Engelbrecht,S,EL,0.0,"Tak, formand. Som formand for Udvalget til Prøvelse af Valgene kan jeg oplyse følgende om udvalgets arbejde, idet jeg samtidig skal henvise til den offentliggjorte betænkning og indstilling. Arbejdet har som sædvanlig vedrørt tre spørgsmål: For det første har det vedrørt spørgsmålet om gyldighed af valghandlingen, herunder valgets forberedelse, stemmeafgivelsen, optællingen af selve stemmesedlerne, vurderingen af dem samt valgbøgerne og disses førelse m.m. Herunder har udvalget taget stilling til en række klager over forskellige forhold vedrørende valget. For det andet har arbejdet vedrørt spørgsmålet om godkendelse af Økonomi- og Indenrigsministeriets opgørelser og beregninger. For det tredje har det vedrørt spørgsmålet om godkendelse af de kandidater, der har opnået valg. Om gyldigheden af valghandlingen kan jeg sige, at vi i udvalget har gennemgået Økonomi- og Indenrigsministeriets redegørelse, der bl.a. indeholder de bemærkninger, som gennemgangen af stemmesedler og valgbogsudskrifter har givet ministeriet anledning til. Vi har desuden modtaget og behandlet 33 valgklager gennem ministeriet og udtalt os om hver enkelt klage. Med hensyn til valghandlingen har ministeriets redegørelse vist, at der er sket væsentlig færre og mindre alvorlige fejl ved udformningen af stemmesedler ved dette valg end tidligere. Det kan man naturligvis kun glæde sig over. Ved folketingsvalget i 2015 var der en del fejl i stemmesedlerne, som førte til klager og kritiske bemærkninger fra udvalget, så det er godt, at man har fået strammet op på det. Ministeriets redegørelse viser også, at der i en lang række valgbøger fra afstemningsstederne er gjort bemærkninger om problemer med brevstemmer. En del af det handler om sammenblanding af brevstemmemateriale, som følge af at der har været et overlap i perioderne for brevstemmeafgivning til europaparlamentsvalget og folketingsvalget, og at brevstemmematerialet til de to typer af valg er næsten identisk. Det har også affødt forskellige valgklager. Vi må konstatere, at Økonomi- og Indenrigsministeriet har gjort en indsats for at vejlede kommunerne, men det har altså ikke kunnet forhindre al forvirring. Ministeriet har nu oplyst, at man ved senere produktion af brevstemmemateriale vil overveje nærmere, hvordan det skal se ud, for at mindske risikoen for forveksling. Ligesom ved sidste folketingsvalg har der været en del tilfælde, hvor vælgere har været utilfredse med at skulle oplyse deres fødselsdato, inden de kunne få udleveret en stemmeseddel. (Munterhed) Det er ikke kun kvinderne! Det er et lovkrav, at man skal gøre det, og det tjener selvfølgelig et sikkerhedsmæssigt formål – men det er altså øjensynligt ikke alle vælgere, der er lige begejstrede for det. Det spørgsmål, der dog mere end nogen andre har optaget udvalget, har været de meget omtalte problemer med indsamling af vælgererklæringer, hvor der i hvert fald er to partier, der har fundet frem til en måde at omgå reglerne på, så de slipper for betænkningstid for deres stillere – og vel at mærke uden at man fra ministeriets side har ment, at man lovligt kunne sanktionere det, f.eks. ved at erklære vælgererklæringerne for ugyldige. Det er udvalget kommet med en kritisk kommentar til i forlængelse af en klage fra en vælger. Udvalget har bl.a. skrevet, at udvalget grundlæggende finder det meget utilfredsstillende, at det har vist sig muligt for partierne at omgå reglerne, uden at det har fået konkrete konsekvenser. Udvalget har samtidig med tilfredshed noteret sig, at der i marts måned i år er indgået en politisk aftale – mellem alle Folketingets partier på det tidspunkt – om at gøre noget ved problemet ved et indføre en ny procedure for indsamling af vælgererklæringer baseret på et offentligt portalsystem. Det ligger i den politiske aftale, at sådan en løsning skal sættes i drift hurtigst muligt, og at de relevante lovændringer skal fremsættes i folketingsåret 2019-20. Men ud over det har der været et udbredt ønske i udvalget om at få set på, om man også kan gøre noget på den kortere bane. Derfor har vi noteret os med tilfredshed, at Økonomi- og Indenrigsministeriet har givet udtryk for at være villige til at arbejde hurtigt for at nå frem til en midlertidig løsning på problemet, også inden en portalløsning kan være oppe at køre, naturligvis under forudsætning af at den kommende regering vil fremme sagen. Udvalget har givet udtryk for, at en sådan midlertidig løsning bør sikre, at vælgererklæringer, som er indsamlet i strid med reglerne, kan erklæres ugyldige. Om det, der i øvrigt har været klaget over ved valget, og om udvalgets bemærkninger til klagerne vil jeg henvise til betænkningen og til indstillingen. Vedrørende spørgsmålet om godkendelse af Økonomi- og Indenrigsministeriets opgørelse og beregninger har udvalget behandlet godkendelsen af disse, og de samlede opgørelser og beregninger har ikke givet anledning til bemærkninger fra udvalget. Hvad angår spørgsmålet om godkendelse af de valgte, har udvalget ikke været bekendt med forhold, som kan tænkes at føre til, at nogen af de valgte ikke er valgbare. Udvalget har herefter følgende indstillinger: Vedrørende valget i Danmark indstiller udvalget i enighed, at Folketinget godkender det den 5. juni 2019 afholdte valg af medlemmer til Folketinget, de af Økonomi- og Indenrigsministeriet den 18. juni 2019 fremsendte beregninger og opgørelse af dette valg og de på den omdelte særskilte fortegnelse opførte 175 kandidater som valgte fra og med den 5. juni 2019, dog således, at udvalget i medfør af forretningsordenens § 1, stk. 3, indstiller, at 1. stedfortræder for Enhedslisten i Østjyllands Storkreds, hr. Søren Egge Rasmussen, godkendes som valgt i stedet for hr. Nikolaj Villumsen, der har tilkendegivet, at han ikke ønsker at modtage mandatet. Vedrørende valget i Grønland indstiller et enigt udvalg, at Folketinget i henhold til forretningsordenens § 1, stk. 6, på grundlag af den af Rigsombudsmanden i Grønland fremsendte foreløbige opgørelse om folketingsvalget i Grønland den 5. juni 2019 godkender fru Aaja Chemnitz Larsen og fru Aki-Mathilda Høegh-Dam som valgte fra og med den 5. juni 2019. Vedrørende valget på Færøerne indstiller et enigt udvalg, at Folketinget godkender det på Færøerne den 5. juni 2019 afholdte valg af medlemmer til Folketinget, den af valgbestyrelsen foretagne opgørelse og beregning over dette valg og hr. Edmund Joensen og hr. Sjúrður Skaale som valgte fra og med den 5. juni 2019. Jeg skal derfor på udvalgets vegne over for Tinget anbefale udvalgets indstillinger. Tak for ordet.",1.1238453983094119,0.2338813303099017,Topic18,0.7750865463072255,,,,Left,Left,S->EL,0.0,0.0,0.0,20182,121.46280481680807,28.205980325478446,64.93998838010978,red,red-20182.0
2019-06-21,20182-2-3,Bertel Haarder_V,Bertel Haarder,V,,,"Tak til formanden for Udvalget til Prøvelse af Valgene. Der foreligger, som vi har hørt, tre indstillinger – fra henholdsvis Danmark, Grønland og Færøerne – afgivet af et enigt udvalg, og indstillingen går ud på godkendelse af valgene. Derfor er det min hensigt ligesom ved tidligere valg, at afstemningen foregår under et om de tre indstillinger. Der stemmes altså om udvalgets indstilling nr. 1-3 vedrørende valget i henholdsvis Danmark, Grønland og Færøerne, og der kan stemmes. Afstemningen er slut. For stemte 149 (S, V, DF, RV, SF, EL, KF, ALT, NB, LA, IA, SIU og SP), imod stemte 0, hverken for eller imod stemte 0. På grund af en teknisk fejl fik Stén Knuth (V) ikke afgivet sin stemme. Udvalgets indstilling er enstemmigt vedtaget. Herefter er alle mandaterne i det nyvalgte Folketing godkendt. Men inden vi nu går over til næste sag på dagsordenen, skal jeg udsætte mødet, sådan at de medlemmer, der ikke tidligere har været medlem, kan underskrive grundloven. Det skal de ifølge grundlovens § 32, stk. 7 – de skal nemlig afgive en højtidelig forsikring om at ville overholde grundloven. Og det foregår lige her nedenunder i Fællessalen, umiddelbart efter at jeg udsætter mødet. Jeg skal derfor udsætte mødet. Det genoptages kl. 14.00 her i salen. Mødet er genoptaget. Grundloven er underskrevet, og jeg står her med en indstilling fra samtlige partier, der alle indstiller, at vi vælger Henrik Dam Kristensen til Folketingets nye formand. ( Hermed erklærer jeg Henrik Dam Kristensen for valgt og beder ham komme op for at indtage sin velfortjente plads.",1.0535836228489608,0.31560672514619886,Topic18,0.9329006356043678,,,,Right,,,0.0,0.0,,20182,120.24523997726082,28.004586493645444,61.80437084435019,blue,blue-20182.0
2019-06-21,20182-2-4,Henrik Dam Kristensen_S,Henrik Dam Kristensen,S,,,"Tak til Tingets medlemmer for at vise mig den tillid, I har vist mig ved at vælge mig som ny formand for Folketinget. Jeg er beæret, og jeg går til opgaven med ydmyghed. Tillid er en skrøbelig størrelse, som man hele tiden skal gøre sig fortjent til gennem sine handlinger. Det er jeg mig meget bevidst om. Jeg vil lægge alle mine kræfter i at være hele Folketingets tillidsrepræsentant, og jeg vil behandle alle lige, fair og retfærdigt uanset partifarve. Det er vigtigt for mig at være en samlende person, der sammen med Præsidiet skaber de bedst mulige rammer om folketingsarbejdet og sikrer gode arbejdsforhold for alle, der har deres daglige gang her i Folketinget. Det gælder naturligvis i første række medlemmerne – men også de mange dygtige medarbejdere i administrationen og i partigrupperne. Jeg har haft den fornøjelse at være medlem af Folketinget i 25 år, men jeg er også meget opmærksom på, at jeg nu indtræder i et embede, der adskiller sig fra mit hidtidige politiske virke. Det danske folkestyre er et fælles ansvar, og jeg vil yde mit bidrag til at videreføre og værne om de værdier, som folketingsarbejdet står på. Endnu en gang tak for valget. Og så går vi videre til arbejdet. Vedrørende valg af næstformand hedder det i Folketingets forretningsordens § 3, stk. 1: »Hver af de i Tinget repræsenterede fire største folketingsgrupper ud over den folketingsgruppe, som formanden måtte tilhøre, udpeger i rækkefølge efter størrelse blandt sine medlemmer henholdsvis første, anden, tredje og fjerde næstformand.« Til første næstformand har Venstre udpeget hr. Kristian Pihl Lorentzen. Anden næstformand og tredje næstformand skal udpeges af Dansk Folkeparti og Det Radikale Venstre; de to partier er jo som bekendt lige store. Der er mellem partierne opnået enighed om, at anden næstformand bliver fru Pia Kjærsgaard, udpeget af Dansk Folkeparti, og at tredje næstformand bliver hr. Jens Rohde, udpeget af Det Radikale Venstre. Fjerde næstformand bliver fru Trine Torp udpeget af Socialistisk Folkeparti. Til tingsekretærer er i henhold til de indgåede valgforbund og gruppernes indstilling valgt følgende medlemmer: hr. Benny Engelbrecht (S), hr. Christian Juhl (EL), hr. Erling Bonnesen (V) og hr. Bent Bøgsted (DF). Hermed er Tinget sat. Til disse valg er anmeldt følgende valggrupper:  en gruppe på 99 medlemmer: Socialdemokratiet, Radikale Venstre, Socialistisk Folkeparti, Enhedslisten, Alternativet, Inuit Ataqatigiit (IA), Siumut (SIU) og Javnaðarflokkurin (JF),  en gruppe på 80 medlemmer: Venstre, Dansk Folkeparti, Det Konservative Folkeparti, Nye Borgerlige, Liberal Alliance og Sambandsflokkurin (SP). Der foreligger indstillinger fra grupperne om disse valg. Navnene på de valgte kan findes på Folketingets hjemmeside og www.folketingstidende.dk (jf. nedenfor). [Valg af 17 medlemmer til Udvalget til Valgs Prøvelse. Valgt blev: 1 Benny Engelbrecht (S) 2 Bjarne Laustsen (S) 3 Henrik Dam Kristensen (S) 4 Dan Jørgensen (S) 5 Orla Hav (S) 6 Nick Hækkerup (S) 7 Jens Rohde (RV) 8 Jacob Mark (SF) 9 Kirsten Normann Andersen (SF) 10 Peter Juel-Jensen (V) 11 Kristian Pihl Lorentzen (V) 12 Anni Matthiesen (V)  13 Kristian Jensen (V)  14 Karen Ellemann (V) 15 Bent Bøgsted (DF) 16 Mai Mercado (KF) 17 Mette Thiesen (NB)  Valg af 21 medlemmer til Udvalget for Forretningsordenen. Valgt blev: 1 Henrik Dam Kristensen (S)  2 Kristian Pihl Lorentzen (V)  3 Pia Kjærsgaard (DF)  4 Jens Rohde (RV)  5 Trine Torp (SF)  6 Benny Engelbrecht (S)  7 Dan Jørgensen (S)  8 Bjarne Laustsen (S)  9 Orla Hav (S)  10 Nick Hækkerup (S)  11 Sofie Carsten Nielsen (RV)  12 Jacob Mark (SF)  13 Jakob Sølvhøj (EL) 14 Uffe Elbæk (ALT)  15 Karen Ellemann (V)  16 Torsten Schack Pedersen (V)  17 Britt Bager (V)  18 Peter Skaarup (DF) 19 Mai Mercado (KF)  20 Pernille Vermund (NB) 21 Simon Emil Ammitzbøll-Bille (LA) Formand: Henrik Dam Kristensen (S)  Næstformand: Kristian Pihl Lorentzen (V) Valg af 17 medlemmer til Finansudvalget. Valgt blev: 1 Benny Engelbrecht (S)  2 Jesper Petersen (S)  3 Ane Halsboe-Jørgensen (S) 4 Morten Bødskov (S) 5 Henrik Dam Kristensen (S) 6 Martin Lidegaard (RV) 7 Lisbeth Bech Poulsen (SF) 8 Rune Lund (EL) 9 Rasmus Nordqvist (ALT) 10 Kristian Jensen (V) 11 Jacob Jensen (V) 12 Marcus Knuth (V) 13 Hans Andersen (V) 14 Torsten Schack Pedersen (V) 15 René Christensen (DF) 16 Rasmus Jarlov (KF)  17 Ole Birk Olesen (LA) Formand: Benny Engelbrecht (S) Valg af 29 medlemmer til Europaudvalget. Valgt blev: 1 Peter Hummelgaard Thomsen (S) 2 Lars Aslan Rasmussen (S)  3 Kaare Dybvad (S) 4 Jens Joel (S) 5 Malte Larsen (S) 6 Morten Bødskov (S) 7 Christian Rabjerg Madsen (S) 8 Sofie Carsten Nielsen (RV) 9 Katrine Robsøe (RV) 10 Samira Nawa (RV) 11 Ina Strøjer-Schmidt (SF) 12 Karsten Hønge (SF) 13 Søren Søndergaard (EL)  14 Peder Hvelplund (EL) 15 Victoria Velasquez (EL) 16 Rasmus Nordqvist (ALT) 17 Jan E. Jørgensen (V) 18 Marcus Knuth (V) 19 Erling Bonnesen (V) 20 Britt Bager (V) 21 Mads Fuglede (V) 22 Thomas Danielsen (V) 23 Kristian Jensen (V) 24 Morten Messerschmidt (DF) 25 Lise Bech (DF) 26 Hans Kristian Skibby (DF) 27 Orla Østerby (KF) 28 Katarina Ammitzbøll (KF) 29 Peter Seier Christensen (NB) Valg af 17 medlemmer og 17 stedfortrædere til Det Udenrigspolitiske Nævn. Valgt blev: Til medlemmer: 1 Nick Hækkerup (S) 2 Nicolai Wammen (S) 3 Mette Frederiksen (S) 4 Dan Jørgensen (S) 5 Mogens Jensen (S) 6 Morten Østergaard (RV) 7 Pia Olsen Dyhr (SF) 8 Eva Flyvholm (EL) 9 Rasmus Nordqvist (ALT) 10 Lars Løkke Rasmussen (V) 11 Karen Ellemann (V) 12 Michael Aastrup Jensen (V) 13 Marcus Knuth (V) 14 Søren Espersen (DF) 15 Søren Pape Poulsen (KF) 16 Simon Emil Ammitzbøll-Bille (LA) 17 Edmund Joensen (SP) Til stedfortrædere: 18 Henrik Dam Kristensen (S) 19 Benny Engelbrecht (S) 20 Ane Halsboe-Jørgensen (S) 21 Sjúrður Skaale (JF) 22 Aaja Chemnitz Larsen (IA) 23 Martin Lidegaard (RV) 24 Karsten Hønge (SF) 25 Søren Søndergaard (EL) 26 Uffe Elbæk (ALT) 27 Kristian Thulesen Dahl (DF) 28 Kristian Pihl Lorentzen (V) 29 Mads Fuglede (V) 30 Peter Juel-Jensen (V) 31 Kristian Jensen (V) 32 Peter Skaarup (DF) 33 Peter Seier Christensen (NB) 34 Naser Khader (KF)]  Der er så ikke mere at foretage i dette møde. Folketingets næste møde afholdes tirsdag den 25. juni 2019, kl. 13.00. Jeg henviser til den dagsorden, der vil fremgå af Folketingets hjemmeside, og skal også henvise til ugeplanen, der vil fremgå af Folketingets hjemmeside. Så vil jeg indbyde til reception i Vandrehallen, hvor alle er hjertelig velkomne.",1.7332505014952233,0.5221071353839714,Topic23,1.2479525844424328,,,,Left,,,0.0,0.0,,20182,140.34960915572242,35.35661136910356,63.5390182968006,red,red-20182.0
2019-06-25,20182-3-1,Henrik Dam Kristensen_S,Henrik Dam Kristensen,S,,,"Mødet er åbnet. Fru Mette Abildgaard (KF) har søgt om orlov fra den 5. august 2019, jf. forretningsordenens § 41, stk. 4. Hvis ingen gør indsigelse, vil jeg betragte det som vedtaget, at der meddeles orlov som ansøgt, og at stedfortræderen indkaldes som midlertidigt medlem. Det er vedtaget. Fra Udvalget til Valgs Prøvelse har jeg modtaget indstilling om, at 1. stedfortræder for Det Konservative Folkeparti i Nordsjællands Storkreds, Egil Hulgaard, godkendes som midlertidigt medlem af Folketinget fra og med den 5. august 2019 i anledning af Mette Abildgaards orlov. Er der nogen, der ønsker ordet? Da det ikke er tilfældet, går vi til afstemning. Der stemmes om udvalgets indstilling. Afstemningen slutter. For stemte 122 (S, V, DF, RV, SF, EL, KF, ALT, NB, LA og SIU), imod stemte 0, hverken for eller imod stemte 0. Udvalgets indstilling er vedtaget enstemmigt med 122 stemmer. Forhandlingen er åbnet. Jeg giver ordet til udvalgets næstformand, hr. Peter Juel-Jensen.",1.285213937935801,0.25925925925925897,Topic18,0.8985290741357884,,,,Left,,,0.0,0.0,,20182,133.68778987180022,39.26792778547012,62.26792452328393,red,red-20182.0
2019-06-25,20182-3-2,Peter Juel-Jensen_V,Peter Juel-Jensen,V,SF,1.0,"Tak for det, formand. Jeg går på talerstolen som næstformand for Udvalget til Valgs Prøvelse. Folketinget skal i dag tage stilling til godkendelsen af valget til Europa-Parlamentet, som fandt sted den 26. maj 2019. Godkendelsen kan først ske nu, fordi vi har afventet godkendelse af valget til Folketinget. Derfor har Udvalget til Valgs Prøvelse først i går, den 24. juni 2019, gennemgået resultatet af valget til Europa-Parlamentet og de her indkomne valgklager. Der er modtaget i alt 36 klager over valget, hvoraf 35 er inden for klagefristen og en uden for. 14 af disse klager er klager både over valget til Europa-Parlamentet og til Folketinget. Vi har i udvalget gennemgået de enkelte klager og Økonomi- og Indenrigsministeriets bemærkninger til hver enkelt klage. I den betænkning og indstilling, der foreligger, giver udvalget klart udtryk for sin konklusion til hver enkelt af klagerne. Under udvalgets gennemgang af klagerne drøftede vi bl.a., at en række statsborgere i et af de øvrige medlemslande i EU har klaget over, at de ikke var på valglisten på valgstedet, og at de bl.a. i deres klage undrede sig over dette, når de nu kunne huske, at de havde stemt sidste gang, der var valg. Det fremgår af punkt 6.2 i Økonomi- og Indenrigsministeriets redegørelse om valget, at ministeriet 3 måneder før valget sendte et brev til de ca. 183.000 herboende EU-borgere – også på engelsk og med korte henvisninger på fransk, tysk og polsk – for at gøre opmærksom på, at man skal søge for at komme på valglisten. Dette er nødvendigt, hvis man ikke allerede var på valglisten ved sidste valg til Europa-Parlamentet. I den forbindelse skal det bemærkes, at det ikke er nok, at man var på valglisten til sidste kommunalvalg. Ministeriet har undersøgt de tilfælde, hvor EU-borgere har henvendt sig, og ministeriets konklusion er, at der ikke er konstateret fejl i de konkrete sager. Med tanke på de tiltag, ministeriet har iværksat for at rådgive disse borgere om deres muligheder for at deltage i EU-valget, finder udvalget ikke, at det giver anledning til at udtale kritik. Vi drøftede også en række klager over brevstemmeforholdene. Klagerne drejede sig navnlig om ventetid på valgstederne, men der var også klager over, at der i enkelte tilfælde synes at være sket en vis sammenblanding af stemmerne til europaparlamentsvalget og til folketingsvalget. Udvalget kan således konstatere, at det har givet visse vanskeligheder, at de to valg lå så tæt på hinanden, men også, at de berørte kommuner har tilkendegivet, at de beklager de gener, der har været, og at myndighederne vil gennemgå og lære af erfaringerne fra de to valg for at undgå lignende problemer ved kommende valg. Et enigt udvalg indstiller, at Folketinget godkender det den 26. maj 2019 afholdte valg af 14 medlemmer til Europa-Parlamentet. Det vil sige, at Folketinget godkender Økonomi- og Indenrigsministeriets beregninger og opgørelser af valget og de i bilag 1 nævnte 14 kandidater som valgte, herunder Kira Marie Peter-Hansen i stedet for Karsten Hønge, der har tilkendegivet, at han ikke ønsker at modtage mandatet. Jeg skal på udvalgets vegne over for Tinget anbefale udvalgets indstilling. Tak.",1.756937989754674,-0.044106606606606494,Topic18,0.8727849225444814,,,,Right,Left,V->SF,0.0,0.0,0.0,20182,166.15996388567842,32.29671418479047,64.02676905340616,blue,blue-20182.0
2019-06-25,20182-3-3,Henrik Dam Kristensen_S,Henrik Dam Kristensen,S,,,"Tak for det. Er der andre, der ønsker ordet? Da det ikke er tilfældet, går vi til afstemning. Der stemmes om udvalgets indstilling. Afstemningen slutter. Udvalgets indstilling er vedtaget enstemmigt med 124 stemmer. [For stemte 124 (S, V, DF, RV, SF, EL, KF, ALT, NB, LA og SIU), imod stemte 0, hverken for eller imod stemte 0]. Underretning om denne vedtagelse vil nu blive givet til formanden for Europa-Parlamentet. Der er ikke mere at foretage i dette møde. Folketingets næste møde forventes afholdt tirsdag den 10. september 2019, kl. 10.00. Skulle det blive nødvendigt at indkalde Folketinget til yderligere møder, vil meddelelse om tidspunkt og dagsorden blive tildelt medlemmerne skriftligt. Jeg ønsker alle medlemmer en god og aktiv sommer, og samtidig vil jeg gerne takke alle vores ansatte på Christiansborg for deres indsats i det forløbne folketingsår. Rigtig god sommer til jer alle!",1.6400873593723064,0.5724637681159417,Topic18,0.88622871537816,,,,Left,,,0.0,0.0,,20182,138.96437396015133,35.99332429009201,63.88786550040717,red,red-20182.0
2019-08-28,20182-6-10,Charlotte Broman Mølbæk_SF,Charlotte Broman Mølbæk,SF,,,"Tak. At afgive en vælgererklæring er bindende, og en borger kan kun afgive én vælgererklæring. Derfor giver det rigtig god mening, at man ikke kan omgå den betænkningstid, som loven foreskriver. Desværre opstod der forud for det seneste folketingsvalg en praksis, hvor mindst to nye partier havde fundet en metode til at omgå reglerne for betænkningstid på. Det må aldrig være en mulighed, at vælgere føler sig presset til at give vælgererklæringer her og der – heller ikke lige nu. Vælgererklæringer er ganske enkelt for vigtige til, at man skal kunne påvirkes af en lidt for ivrig telefonsælger. Det var der også enighed om før det seneste valg, og vi har i marts besluttet, at der skal etableres en ny portal til indsamling af vælgererklæringer. Portalen skal sikre, at man ikke kan snyde med vælgererklæringerne, og det er rigtig godt. Udfordringen er, at den så først er klar i 2020. Så længe man fortsætter indsamlingen af vælgererklæringerne som hidtil, er det også muligt at snyde med dem. Lovgivningen giver desværre ikke mulighed for sanktioner. Så med det forslag, som er fremsat nu, bliver det muligt at erklære vælgererklæringer, som er indsamlet ulovligt, for ugyldige. Det er Valgnævnet, som kan erklære indsamlede vælgererklæringer for ugyldige. Og Valgnævnet er uafhængigt af Folketinget. Så vi glæder os over, at den nye indenrigsminister viser vilje til at få stoppet ulovlige indsamlinger af vælgererklæringer. I SF efterlyste vi allerede tidligere muligheden for at forhindre ulovlig indsamling af vælgererklæringer. Den tidligere regering ønskede imidlertid ikke på det tidspunkt at bidrage til det. Vi ser fortsat frem til at få etableret en ny portal, som vil gøre Valgnævnets arbejde lettere, idet det i fremtiden ikke vil være muligt at snyde med erklæringerne. Herudover vil portalen sikre, at nye partier, som ønsker at blive opstillingsparate til Folketinget, også er tydelige omkring, hvem de er, og hvem det er, der faktisk samler de her vælgererklæringer ind. I mellemtiden er det vigtigt, at vi får stoppet den ulovlige praksis med indsamling af vælgererklæringer. SF støtter naturligvis forslaget.",1.9679393343496807,0.4188123219373218,Topic30,0.7892923735958174,,,,Left,,,0.0,0.0,,20182,213.67094023569888,45.886648541874855,66.87421632547829,red,red-20182.0
2019-08-28,20182-6-12,Rosa Lund_EL,Rosa Lund,EL,EL,0.0,"Tak. Det er vigtigt, at vi har et levende demokrati i Danmark. Det tror jeg sådan set er en af de ting, vi er grundlæggende enige om i den her Folketingssal. Det er vigtigt, at der ikke er unødige barrierer for, at nye politiske strømninger og mennesker med nye eller for den sags skyld gamle politiske tanker kan organisere sig og stille op til valg. Det skal efter Enhedslistens opfattelse ikke være for vanskeligt at blive godkendt som opstillingsberettiget parti til et folketingsvalg. Til gengæld vil vi rigtig gerne være med til at gøre det meget vanskeligt at omgå de regler, der er for at blive opstillingsberettiget. Det er vigtigt for os, at der ikke er uklarheder i lovgivningen, at der ikke er smuthuller, der gør det muligt for partier at blive opstillingsberettigede, selv om fastlagte regler åbenlyst er blevet tilsidesat. Derfor er vi i Enhedslisten også en del af aftalen fra marts i år om fremover at samle vælgererklæringer via en offentlig portal på internettet, og derfor er vi enige med regeringen i, at der er brug for en hastelovgivning, der kan lukke det hul, der er i lovgivningen i dag, og som op til det nylig overståede folketingsvalg jo blev udnyttet af partier, der indsamlede vælgererklæringer i åbenlys strid med reglerne. Gentagne påtaler fra Økonomi- og Indenrigsministeriet om, at eftertænksomhedsperioden ikke var blevet overholdt, blev fuldstændig ignoreret, og ministeriet stod uden muligheder for at skride ind eller for at handle, da der ikke var nogen muligheder for at sanktionere de pågældende partier. Det er selvfølgelig fuldstændig uacceptabelt. Enhedslisten kan derfor også tilslutte sig, at der nu indføres sanktioner mod partier, der snyder ved indsamlingen af vælgererklæringer, og vi kan støtte det lovforslag, som regeringen har fremsat. Men jeg vil gerne understrege, som det også gøres i bemærkningerne til lovforslaget, at det er meget vigtigt, at den sanktion, der indføres, er proportionel i forhold til karakteren af det brud på reglerne, der skal forebygges. Der er tale om sanktioner, der er meget indgribende, og derfor er det vigtigt at understrege, at udelukkelsen af et parti fra at fortsætte indsamlingen af vælgererklæringer kun kan ske i tilfælde af grove eller gentagne retsbrud. Det står sådan set også i bemærkningerne, men jeg synes, det er ekstremt vigtigt at understrege. Vi finder da også, at det er rigtig fornuftigt, at afgørelsen om at sanktionere placeres hos Valgnævnet, og at det i lovforslaget er præciseret, at ministerens stillingtagen til at anmode Valgnævnet om at gribe ind vil være undergivet almindelige forvaltningsretlige grundsætninger om saglighed og proportionalitet. Det kunne dog efter vores opfattelse i lovbehandlingen overvejes, om det med udvidelsen af Valgnævnets beføjelser kan være relevant at understrege nævnets uafhængighed og styrke domstolenes repræsentation i Valgnævnet. Det kan gøres ved at udvide antallet af lands- og højesteretsdommere fra en til to. Vi har noteret os, at der ikke i høringssvarene til lovforslaget er indsigelser imod indførelsen af sanktioner, og at ministeriet har imødekommet hovedparten af de anbefalinger, der er indeholdt i høringssvarene. I Enhedslisten synes vi også, det er positivt, at der er blevet lyttet til dem. På den baggrund kan vi altså støtte lovforslaget. Vi har enkelte spørgsmål om praktikken, men dem skal jeg spare jer for og sende dem over til ministeriet skriftligt. Men i udgangspunktet støtter vi lovforslaget.",-0.394272788230518,0.3148854961832062,Topic30,0.762114466845604,L1_2018_19_02,1.0,0.0,Left,Left,EL->EL,0.0,0.0,0.0,20182,224.83427510400665,37.01990930635651,66.62403288777547,red,red-20182.0
2019-08-28,20182-6-14,Egil Hulgaard_KF,Egil Hulgaard,KF,KF,0.0,"Det er en stor ære at stå her på Folketingets talerstol for første gang og adressere Folketinget. Med lov skal land bygges: Når love brydes og det ikke har en konsekvens, så nedbrydes troen på vores demokrati. Og det er jo særlig alvorligt, når det drejer sig om partier, der søger opstilling til Folketinget. Derfor er det også tilfredsstillende, at social- og indenrigsministeren med nærværende lovforslag foreslår at indføre konsekvenser for partier, der omgår reglerne for indsamling af vælgererklæringer. Det har hidtil været uden muligheder for sanktioner, og den forrige regering har sådan set også udarbejdet det her forslag og har arbejdet for at lukke det hul. Loven skal tilsikre, at en omgåelse af indsamling af vælgererklæringer kan få konsekvenser. Og det er helt på sin plads. Gældende lov skal sikre, at et parti, der opstiller til Folketinget, har en reel mulighed for at blive valgt. Og derfor skal den gældende totrinsproces for vælgererklæringer overholdes. Når to partier i forbindelse med sidste folketingsvalg ifølge Social- og Indenrigsministeriet sprang over, hvor gærdet var lavest, måske i forvisning om, at det var uden konsekvenser, så var det ikke ordentligt. Det er ikke ordentligt over for os, der er valgt til Folketinget, og slet ikke over for danskerne, der forventer ordentlighed fra det politiske system. Det kunne potentielt have været en konstant kilde til mistillid, hvis et parti i Folketinget var kommet ind på baggrund af snyd med vælgererklæringer. For at sige det enkelt: Det er for dårligt, at partier, der søger opstilling til Folketinget, bevidst forsøger at snyde sig ind. Det er ikke værdigt for nogen. Der er behov for den foreslåede ændring af loven. Ikke bare fordi det er for dårligt, at partier forsøger at snyde sig ind, men også for at sikre, at kommende partier overholder reglerne. Valgnævnet har i juli anerkendt 37 nye ansøgninger om partinavne, og yderligere 33 venter på godkendelse. Det er rekord, og selvfølgelig er det positivt, at danskerne har mod på demokratiet og mod på at udvikle den demokratiske tradition, men hvis den politiske debat op til et folketingsvalg eller et valg i det hele taget omdannes til et gedemarked af useriøse stillere, så forplumrer det den seriøse politiske debat, og vælgerne oplever et dysfunktionelt demokratisk system. Vi må så også spørge os selv, om vores politiske system er stærkt nok, når nu så mange tilsyneladende mener, der er brug for flere partier. Er vi her i salen gode nok til at få danskerne i tale og repræsentere dem? Antallet af personer, der ønsker at danne sit eget parti, stiger, samtidig med at antallet af politisk aktive i de eksisterende politiske partier gennem mange år har været faldende. Vi har en konstant udfordring med at sikre, at danskerne føler sig repræsenteret af os her i salen. Men samtidig skal der altså også lyde en opfordring til, at de, der ønsker at skabe et nyt parti, i stedet kigger på, om de kan rummes inden nogle af de eksisterende partier. Vi kan også kigge til udlandet, hvor få lande har så pluralistisk et politisk system som Danmark. Det er vores tro, at den stolte pluralistiske tradition fører til en stærkere demokratisk udvikling. Det Konservative Folkeparti er optaget af retssikkerhed og en fornuftig balance mellem stat og borgere. Så når vi indfører konsekvenser i nærværende lovforslag, skal vi samtidig have for øje, at det fortsat er muligt at blive opstillingsberettiget. Med de nye digitale muligheder er det ikke problemet – måske snarere tværtimod. Måske burde der stilles yderligere krav til partier, der ønsker at opstille, i form af betaling for sagsbehandling eller krav om bestyrelse og vedtægter, sådan som vi kender det fra foreningslivet. I det foreliggende lovforslag indføres der indgribende sanktioner som en midlertidig mulighed for at stoppe for indsamling af vælgererklæringer, hvis der foreligger en begrundet mistanke. I forbindelse med et nært forestående valg er det en alvorlig forsinkelse af det ramte parti, så derfor opfordrer vi til, at der i den tilhørende vejledning eller i bemærkningerne indføres klare tidsgrænser for sagsbehandling, også for at undgå beskyldninger om magtfordrejning. Med de ord vil Det Konservative Folkeparti støtte det her forslag",1.2405236309795848,0.2888320337881742,Topic30,0.8362387515561908,L1_2018_19_02,1.0,0.0,Right,Right,KF->KF,0.0,0.0,0.0,20182,148.88345265681338,31.98456857771012,68.41703920342114,blue,blue-20182.0
2019-08-28,20182-6-16,Torsten Gejl_ALT,Torsten Gejl,ALT,ALT,0.0,"Tak. Det her lovforslag er blevet fint og udførligt beskrevet, ikke mindst af en række nye kollegaer her i Folketinget, som jeg gerne vil ønske rigtig hjerteligt velkommen, men jeg vil ikke gentage de mangfoldige beskrivelser. Vi er stort set enige i det hele, så i Alternativet mener vi bare, at vi skal gøre, hvad vi kan for at modvirke snyd med vælgererklæringer. Alternativet stemmer for.",-0.34773708701195155,1.0019493177387915,Topic38,1.1196340520012735,L1_2018_19_02,1.0,0.0,Left,Left,ALT->ALT,0.0,0.0,0.0,20182,129.63973669960814,25.69638021415313,68.1025024360081,red,red-20182.0
2019-08-28,20182-6-18,Mette Thiesen_NB,Mette Thiesen,NB,NB,0.0,"Jeg vil starte med at sige, at det er en rigtig stor ære at stå her på Folketingets talerstol. Nye Borgerlige er et nyt parti, vi er netop valgt i Folketinget, og vi har derfor et godt kendskab til loven om indsamling af vælgererklæringer. Siden 2015, hvor partiet blev stiftet, har partiets stiftere, Pernille Vermund og Peter Seier Christensen, samlet vælgererklæringer ind sammen med gode støtter. Alle vælgererklæringer er blevet samlet ind på den lovlige måde, som loven foreskriver. På gader og stræder og digitalt blev der slidt og slæbt og bøvlet med et ustabilt og fejlbehæftet system. Det tog ca. 1 år, og der blev samlet ca. 40.000 vælgererklæringer ind. Det var det dobbelte af, hvad loven kræver, men det var på grund af eftertænksomhedsperioden på 7 dage, som betød, at mange aldrig fik bekræftet med NemID. I Nye Borgerlige ved vi om nogen, hvor stort et arbejde det er at indsamle underskrifter. 20.000 underskrifter er mange, og loven er, som den er beskrevet, god nok. Nu skal vi blot sikre, at den overholdes. Men det skal ikke være sværere at opstille som nyt parti i Danmark. Det er en vigtig del af vores demokrati, at nye partier kan bide de gamle i haserne. Det er en vigtig del af demokratiet, at nye partier kan blive valgt i Folketinget, når befolkningen bliver trætte af de gamle og etablerede. Det er vigtigt med nye partier, når de gamle svigter, og det er vi et godt eksempel på. I forbindelse med det netop afholdte folketingsvalg, var der flere nye partier på stemmesedlen. Det var også ved dette valg, at vi blev opmærksomme på, at loven kan omgås, når der indsamles vælgererklæringer. Eftertænksomhedsperioden på 7 dage, som vi i Nye Borgerlige overholdt til punkt og prikke, blev omgået af andre partier. Og sådan skal det selvfølgelig ikke være. Det lovforslag, vi førstebehandler i dag, adresserer netop den problematik. Den lukker det hul i lovgivningen, som blev benyttet ved det nylig afholdte folketingsvalg. Den nye lovgivning sikrer, at man ikke omkostningsfrit kan benytte det fremadrettet. Den nye lovgivning sikrer, at der er sanktioner, hvis et parti ikke indsamler vælgererklæringer på lovlig vis. Kort sagt skal det ikke være sværere at komme på stemmesedlen, men det skal ikke være muligt at snyde systemet. Vælgererklæringer skal selvfølgelig samles ind på lovlig vis, da vilkårene skal være ens for alle partier. Derfor kan Nye Borgerlige godt bakke op lovforslag L 1. Tusind tak.",0.09867420060799449,0.4215318105562011,Topic30,1.0144307463444626,L1_2018_19_02,1.0,0.0,Right,Right,NB->NB,1.0,1.0,0.0,20182,220.44129397813248,43.52832974471657,66.98435350755943,blue,blue-20182.0
2019-08-28,20182-6-2,Camilla Fabricius_S,Camilla Fabricius,S,S,0.0,"Med det her forslag, som vi behandler i dag, lukker vi et hul i reglerne om indsamling af vælgererklæringer og giver også en mulighed for efterfølgende at kunne sanktionere. Fra Socialdemokratiets side har vi hele tiden været af den overbevisning, at lovgivningen selvfølgelig skal være tidssvarende og følge den udvikling, som det øvrige samfund bevæger sig i. Vi har endda forpligtet os til at have digitaliseringsparathedslovgivning, og derfor valgte Folketinget også at digitalisere proceduren for indsamling af vælgererklæringer allerede i 2014. Det blev sidste år fulgt op af en forligsaftale, der muliggjorde indsamling af vælgererklæringer via en portal på internettet. Før var indsamling af vælgererklæringer en meget besværlig proces, som både kostede kommunerne og partierne og vælgerne rigtig meget tid, og med den nye løsning var et gammelt problem løst. Det foregår så sådan i dag, at når en vælger vil støtte et parti, skal vælgeren give sin e-mailadresse til partiet som en støttetilkendegivelse. Efterfølgende taster partiet e-mailadressen ind i partiets særlige vælgererklæringssystem og derfra slipper partiet simpelt hen sagen. Fra partiet har indtastet vælgerens e-mailadresse i vælgererklæringssystemet, går der 7 dage, hvorefter systemet sender en besked til vælgeren med en invitation, som de så bruger deres NemID til at gå ind og sige ja til. På den her måde overholdes simpelt hen den her eftertænksomhedsperiode, og vi sikrer, at vælgeren har mulighed for rent faktisk at overveje at støtte det givne parti. Desværre har nogle partier dog omgået eftertænksomhedsperioden ved selv at oprette tusindvis af e-mailadresser, og på den måde har partierne modtaget links for at afgive vælgererklæringer, i stedet for at vælgerne gjorde det. Partierne har derfor stillet mange links til rådighed for vælgerne, som partierne så har opbygget fra partiernes hjemmesider. Det er simpelt hen imod reglerne og imod essensen i selve vores demokratiske opbygning. Det er også en rigtig alvorlig sag, som Socialdemokratiet har set med stor alvor på. Men det viste sig desværre, at det efterfølgende ikke havde givet det daværende Økonomi- og Indenrigsministerium mulighed for at sanktionere over for de partier, som brød eftertænksomhedsperioden. Derfor kunne ministeriet blot rette henvendelse og bede om at rette op på det, men ministeriet kunne ikke annullere eller på anden måde håndhæve sagen. Lovforslaget i dag har så til formål at rette op på problemet med den manglende sanktionsmulighed, og med lovforslaget foreslås der bl.a., at Valgnævnet efter sin anmodning fra Social- og Indenrigsministeriet i tilfælde af grove eller gentagne retsbrud i forbindelse med partiets indsamlinger af vælgererklæringer kan træffe afgørelse om at udelukke et parti fra fortsat at indsamle vælgererklæringer og give mulighed for at annullere indsamlede erklæringer. Vi lukker derfor hullet med det her lovforslag og laver en langsigtet model. I Socialdemokratiet ønsker vi, at flest mulige selvfølgelig deltager i vores demokrati, og derfor gælder det også om at få fjernet de utilsigtede barrierer, der nu engang måtte komme eksempelvis med de indsamlede erklæringer. Men det er også altafgørende for os, at vælgerne kan have tillid til den måde, tingene foregår på, særlig når det handler om vores demokrati. Socialdemokratiet bakker selvfølgelig derfor op om lovforslaget. Tak for ordet.",,0.21621576653023186,Topic30,0.8443154735014992,L1_2018_19_02,1.0,0.0,Left,Left,S->S,0.0,0.0,0.0,20182,,,,red,red-20182.0
2019-08-28,20182-6-20,Ole Birk Olesen_LA,Ole Birk Olesen,LA,LA,0.0,"Tak skal du have. Vi står her i dag, fordi man, da man lavede valgloven om sidst, sådan at det var muligt at lave elektroniske vælgererklæringer, lavede en regel uden at indføre en sanktion for at bryde den regel. Det var ikke af ond vilje; det var, fordi man ikke havde fantasi til at forestille sig, at det var muligt at snyde og omgå reglen. Men det var det, og derfor skal vi nu lave loven om, sådan at der kommer sanktioner for at snyde. Det bakker Liberal Alliance op om af de samme grunde, som er nævnt her af andre ordførere før mig. Vi stemmer for lovforslaget.",-0.9446227817636178,0.08327859879584096,Topic30,0.8875630362162729,L1_2018_19_02,1.0,0.0,Right,Right,LA->LA,0.0,0.0,0.0,20182,110.37841640974554,22.600770896426912,67.303511908102,blue,blue-20182.0
2019-08-28,20182-6-24,Bent Bøgsted_DF,Bent Bøgsted,DF,,,"Tak, formand. Jeg skal bare lige være sikker på, at jeg har forstået det rigtigt: Det, ministeren siger med hensyn til spørgsmålet om partistøttemidlerne, er, at det ikke er noget, der kan blive skrevet ind i den her lovgivning, sådan at man kan fratages dem, hvis ikke man overholder loven. Er det sådan, det skal forstås, altså at en ansøgning ifølge partistøtteloven skal stiles og sendes til ministeren, eller hvordan og hvorledes?",-0.905545425458184,0.69656862745098,Topic23,0.9179431919656977,,,,Right,,,1.0,0.0,,20182,129.30577168794272,20.2124298900005,66.67088719381165,blue,blue-20182.0
2019-08-28,20182-6-28,Bent Bøgsted_DF,Bent Bøgsted,DF,,,"Det er bare for at få det på det rene. Vi har jo allerede i forbindelse med indsamlingen kunne konstatere, at der i hvert fald er et parti, der har sagt, at pengene skal gå til et velgørende formål, en fond eller sådan noget. Det er jo ikke formålet med at få partistøttemidlerne. Det er derfor, at det i forbindelse med det her er vigtigt, at vi også får sikret, at der ikke sker et misbrug af de midler, der bliver sendt ud. De partier, der er ordentlige og gør alt det, de skal, og som lever efter reglerne, skal selvfølgelig have støttemidlerne, men der skal ikke svindles med dem. Men jeg forstår, at det ikke er noget, som ministeren kan tage sig af nu, fordi det er reglerne om partistøttemidlerne, vi der skal ind og kigge på.",-0.7116092266780937,0.6867816091954023,Topic30,0.8823961062137577,,,,Right,,,1.0,0.0,,20182,131.53223015789547,24.734825194860324,66.88653406132609,blue,blue-20182.0
2019-08-28,20182-6-4,Anni Matthiesen_V,Anni Matthiesen,V,V,0.0,"Tak for det, formand. Og ja, det er sådan, at vi lige nu behandler et lovforslag, som faktisk bliver hastebehandlet, fordi der er et hul, vi skal have lukket i en fart. Forslaget her er med til at lave en supplering af den forligsaftale om en ny procedure for indsamling af vælgererklæringer tilbage fra marts måned 2019, som alle Folketingets partier på daværende tidspunkt var med til at indgå. Det har nemlig for nylig vist sig, at proceduren for indsamling af vælgererklæringer ikke har været fulgt til punkt og prikke, og det er noget af det, som vi selvfølgelig i Venstre mener er vigtigt at vi nu får sat en stopper for. Det er nemlig ikke hensigtsmæssigt, hvis det er sådan, at man kan omgå reglerne – især ikke, kan man sige, i et demokratisk samfund som det, vi har, og derfor er det jo noget af det, som vi er nødt til at få hastebehandlet her i Folketingssalen. Konkret indføres der jo med den forligsaftale et nyt portalsystem til brug for indsamling af vælgererklæringer, og det forventer man træder i kraft primo 2020, hvor vælgerne jo til den tid så kommer til at skulle identificere sig to gange, altså f.eks. med NemID, før de kan afgive en endelig gyldig vælgererklæring og dermed også være med til at støtte et partis opstilling. Da denne procedure som sagt først er klar i 2020, er vi i Venstre rigtig glade for, at regeringen nu har hastearbejdet med det her lovforslag for at få lukket et hul. For med det her lovforslag indføres der nemlig nogle sanktionsmuligheder, således at Valgnævnet efter anmodning fra social- og indenrigsministeren kan træffe afgørelse om at udelukke partier fra at indsamle vælgererklæringer og også annullere et partis indsamling af vælgererklæringer ved grove eller gentagne retsbrud. Alt i alt mener vi at der er tale om et godt lovforslag. Det kan godt være, at vi måske lige har et par spørgsmål, som vi vil stille under udvalgsbehandlingen, men som sagt støtter vi i hvert fald fra Venstres side det her lovforslag.",,0.5217236467236468,Topic30,0.8315512420305362,L1_2018_19_02,1.0,0.0,Right,Right,V->V,0.0,0.0,0.0,20182,,,,blue,blue-20182.0
2019-08-28,20182-6-6,Bent Bøgsted_DF,Bent Bøgsted,DF,DF,0.0,"Tak for det, formand. Det her lovforslag er jo kommet på plads, efter at man før valget konstaterede, at der i forbindelse med indsamling af vælgererklæringer skete noget uhensigtsmæssigt vedrørende godkendelse af vælgererklæringer fra nye partier – også med brug af NemID. Reglerne blev ikke overholdt, men den daværende lov gav ikke mulighed for at sanktionere. Man har så lavet et portalsystem til brug for indsamling af vælgererklæringer, men det er jo ikke etableret endnu og bliver det først i 2020. Men indtil det sker, har man med det her lovforslag sikret, at Valgnævnet, der er uafhængigt af regeringen, efter anmodning fra indenrigsministeren kan kassere vælgererklæringer, hvis de er indsamlet på forkert grundlag. Man kan også i den forbindelse give et parti påbud om ikke at indsamle flere vælgererklæringer i en periode. Så derfor er der sådan rimelig stramme sanktionsregler for vælgererklæringer, og det skal der også være. Det skal ikke være sådan, at man snyder med vælgererklæringer. Det skal være sådan, at det foregår på ærlig og redelig vis, og at dem, der har afgivet en vælgererklæring, også selv godkender, at reglerne bliver overholdt. Det skal nemlig være sådan, at det er ens egen personlige godkendelse, der gælder. Det skal ikke være sådan, at det er et parti, der bare kan sidde og få vælgererklæringer godkendt i massevis, sådan som det ser ud til at være sket. Man må selv personligt ind og godkende, og det må gerne ske fra ens egen e-mailadresse. Så langt, så godt. Så er der et spørgsmål om de midler, man modtager. Man får jo nogle midler, når man stiller op som parti, alt efter hvor mange stemmer man får. Og det ville være rimeligt, hvis det var sådan, at hvis man har svindlet, så mister man retten til penge. Jeg har hørt, at ministeren har snakket lidt om det, og derfor vil jeg gerne høre, om ministeren måske kunne redegøre for, hvordan det forholder sig, når et parti, der har svindlet, altså snydt på vægten, får en erklæring om, at den her går ikke. Hvad sker der med de penge? Kan man stoppe den udbetaling, som de skal have? Det ville være rart, hvis ministeren kunne redegøre for det, og at det også blev skrevet ind i loven. For jeg har ikke kunnet finde noget om det her i loven. Jeg ved ikke, om det er nødvendigt, at jeg sender et spørgsmål til ministeren, eller om det er noget, ministeren tager med herfra. Ministeren nikker, men jeg går ud fra, at ministeren også kommer lidt ind på det her fra talerstolen. For hvis man får nogle penge, er det meningen, at de skal bruges til at fremme partiets politik og ikke – som vi har hørt om – f.eks. gives til en velgørende organisation eller bruges til aflønning af den person, der nu har stillet op. Det er jo egentlig ikke det, der er hensigten med det. Så det er i hvert fald noget, som vi gerne vil have afklaret i Dansk Folkeparti, før vi siger endeligt ja til forslaget. Men som sådan virker det o.k., hvad der er kommet frem her i lovforslaget. Så vi har et par spørgsmål, nemlig hvordan det forholder sig med ens egen personlige godkendelse, altså om det kan sikres, at der ikke er andre, der kan godkende for en person, og desuden det her med økonomien. Når vi har fået svar på det, tror jeg vi er nået dertil, hvor vi også kan sige ja til det.",-0.5176042759681324,0.3740415140415141,Topic30,0.864974652783814,L1_2018_19_02,1.0,0.0,Right,Right,DF->DF,1.0,1.0,0.0,20182,133.75947792514057,18.416159822150547,69.22021684582602,blue,blue-20182.0
2019-08-28,20182-6-8,Kathrine Olldag_RV,Kathrine Olldag,RV,,,"Tak, formand. Alle har og skal have mulighed for at række ud efter indflydelse og stifte et nyt parti. Det er et af vores demokratis urokkelige søjler. Alle har ret til at blive hørt, også dem, vi ikke er enige med. Vi favner og beskytter mindretal, giver dem taleret, taletid og adgang til magten. Vi har en meget lav spærregrænse og fuld ytringsfrihed for at sikre alle mulighed for at komme til orde – en frihed, vi beskytter med næb og kløer, i øvrigt også når den skurrer i ørerne og trækker veksler på politiets ressourcer og vores alles tålmodighed. Nye partier skal blot overholde nogle få enkle spilleregler nedfældet i loven om valg til Folketinget. Men vi har her en lov, der indtil nu har skabt så gode rammer for nye partier, at vi i vores iver efter at hjælpe nye tiltag i gang har været paradoksalt mere optaget af deres klagemuligheder end af at beskytte os selv mod dem. Ikke et ord har der indtil nu stået i lovteksten om konsekvensen af ikke at overholde reglerne. For en måned siden spurgte en nepalesisk ungdomspolitiker mig: Hvad er essensen af det danske demokrati? Tillid, svarede jeg. Tillid er det fundament, vores demokrati er bygget på. Der er ingen i Danmark, der tager flere jordbær i vejboden, end de betaler for. Vi har og skal have ualmindelig stor tillid til hinanden, og i dette tilfælde har det også præget lovgivningen. For ingen havde i deres vildeste fantasi forestillet sig, at nogle ville snyde selve vores demokrati og udnytte en lov, som lægger en rød løber ud foran dem, der rækker ud efter indflydelse. Vi troede ikke på, at nogen ville tage jordbær uden at betale. Men tilliden til, at politiske partier er ordentlige og redelige, blev brudt under valgkampen. Hullet i lovgivningen blev groft udnyttet til egen åbenlyse fordel, samtidig med at alle ærlige og redelige partier, der lovligt hver dag kæmpede for at samle underskrifter, blev gjort til grin. Det er derfor med stor fornøjelse, at vi i Radikale Venstre bakker op om regeringens lovforslag om stramning af loven om valg til Folketinget, så Valgnævnet nu får sanktionsmuligheder over for de partier, som i fremtiden kunne være fristet til at snyde sig til magten på samme måde, som vi så under valgkampen. Tak.",1.4364829505702672,0.48757292090625426,Topic49,0.9597322523617353,,,,Left,,,0.0,0.0,,20182,262.65687816749573,52.369958828021836,68.94352680260394,red,red-20182.0
2019-09-12,20182-8-2,Karen Ellemann_V,Karen Ellemann,V,,,"Beslutningsforslaget her var til første behandling i tirsdags, den 10. september. Det er jo et beslutningsforslag, som udspringer af en indstilling fra Udvalget for Forretningsordenen, og det er et beslutningsforslag, som hele udvalget står bag. Derfor havde det naturlige nok været, at forslaget var blevet henvist direkte til den her anden- og sidstebehandling, uden at det skulle tilbage til Udvalget for Forretningsordenen. Men der skete altså det under førstebehandlingen, at forslaget alligevel blev henvist til Udvalget for Forretningsordenen, og siden der jo ikke rigtig er noget nyt at diskutere, har vi ikke fundet anledning til at skrive en tillægsbetænkning over forslaget. I stedet for er udkommet blevet, at jeg nu her på udvalgets vegne afgiver en mundtlig indstilling om vedtagelse af forslaget. Jeg skal altså hermed på vegne af Udvalget for Forretningsordenen indstille, at det her beslutningsforslag bliver vedtaget uændret.",-0.9843444280369228,0.25586419753086415,Topic18,0.9674928485678871,,,,Right,,,0.0,0.0,,20182,190.71458775750523,44.77904555513258,68.40452253615142,blue,blue-20182.0
